{
  "NTProvider": {
    "types": {
      "/FMSInfo": "FMSInfo",
      "/LiveWindow/Ungrouped/DigitalInput[0]": "Digital Input",
      "/LiveWindow/Ungrouped/DigitalInput[1]": "Digital Input",
      "/LiveWindow/Ungrouped/DigitalInput[2]": "Digital Input",
      "/LiveWindow/Ungrouped/DigitalInput[3]": "Digital Input",
      "/LiveWindow/Ungrouped/PIDController[1]": "PIDController",
      "/LiveWindow/Ungrouped/PIDController[2]": "PIDController",
      "/LiveWindow/Ungrouped/PIDController[3]": "PIDController",
      "/LiveWindow/Ungrouped/Scheduler": "Scheduler",
      "/LiveWindow/Ungrouped/navX-Sensor[4]": "Gyro",
      "/Shuffleboard/Main Tab/Auton Chooser": "String Chooser"
    }
  },
  "NetworkTables": {
    "transitory": {
      "Shuffleboard": {
        "open": true
      }
    }
  },
  "NetworkTables Info": {
    "visible": true
  }
}
